{
  "accuracy": 0.7833333333333333,
  "per_class_accuracy": {
    "class_0": 0.9,
    "class_1": 0.65,
    "class_2": 0.8
  },
  "cv_mean_accuracy": 0.8100000000000002,
  "cv_std": 0.05348935511960402,
  "cv_95ci": 0.0468854869750639
}