accuracy,per_class_accuracy,cv_mean_accuracy,cv_std,cv_95ci
0.7833333333333333,"{""class_0"": 0.9, ""class_1"": 0.65, ""class_2"": 0.8}",0.8100000000000002,0.05348935511960402,0.0468854869750639
